"index","date","power_consumption","year","semester","quarter","day_in_week","week_in_year","day_in_year","month"
"1","12/16/2006","1209.176","2006","2","4","Sat","50","350","12"
"2","12/17/2006","3390.46","2006","2","4","Sun","51","351","12"
"3","12/18/2006","2203.826","2006","2","4","Mon","51","352","12"
"4","12/19/2006","1666.194","2006","2","4","Tue","51","353","12"
"5","12/20/2006","2225.748","2006","2","4","Wed","51","354","12"
"6","12/21/2006","1716.624","2006","2","4","Thu","51","355","12"
"7","12/22/2006","2341.338","2006","2","4","Fri","51","356","12"
"8","12/23/2006","4773.386","2006","2","4","Sat","51","357","12"
"9","12/24/2006","2550.012","2006","2","4","Sun","52","358","12"
"10","12/25/2006","2743.12","2006","2","4","Mon","52","359","12"
"11","12/26/2006","3934.11","2006","2","4","Tue","52","360","12"
"12","12/27/2006","1528.76","2006","2","4","Wed","52","361","12"
"13","12/28/2006","2072.638","2006","2","4","Thu","52","362","12"
"14","12/29/2006","3174.392","2006","2","4","Fri","52","363","12"
"15","12/30/2006","2789.302","2006","2","4","Sat","52","364","12"
"16","12/31/2006","3494.196","2006","2","4","Sun","53","365","12"
"17","1/1/2007","2749.004","2007","1","1","Mon","1","1","1"
"18","1/2/2007","1269.236","2007","1","1","Tue","1","2","1"
"19","1/3/2007","1014.054","2007","1","1","Wed","1","3","1"
"20","1/4/2007","3259.412","2007","1","1","Thu","1","4","1"
"21","1/5/2007","2713.364","2007","1","1","Fri","1","5","1"
"22","1/6/2007","1508.378","2007","1","1","Sat","1","6","1"
"23","1/7/2007","2447.62","2007","1","1","Sun","1","7","1"
"24","1/8/2007","2241.36","2007","1","1","Mon","2","8","1"
"25","1/9/2007","1869.054","2007","1","1","Tue","2","9","1"
"26","1/10/2007","2154.8","2007","1","1","Wed","2","10","1"
"27","1/11/2007","2255.194","2007","1","1","Thu","2","11","1"
"28","1/12/2007","1461.296","2007","1","1","Fri","2","12","1"
"29","1/13/2007","3186.814","2007","1","1","Sat","2","13","1"
"30","1/14/2007","3007.816","2007","1","1","Sun","2","14","1"
"31","1/15/2007","2148.678","2007","1","1","Mon","3","15","1"
"32","1/16/2007","1686.404","2007","1","1","Tue","3","16","1"
"33","1/17/2007","2847.688","2007","1","1","Wed","3","17","1"
"34","1/18/2007","1821.462","2007","1","1","Thu","3","18","1"
"35","1/19/2007","1480.44","2007","1","1","Fri","3","19","1"
"36","1/20/2007","3133.732","2007","1","1","Sat","3","20","1"
"37","1/21/2007","3407.262","2007","1","1","Sun","3","21","1"
"38","1/22/2007","2180.494","2007","1","1","Mon","4","22","1"
"39","1/23/2007","1777.64","2007","1","1","Tue","4","23","1"
"40","1/24/2007","2987.854","2007","1","1","Wed","4","24","1"
"41","1/25/2007","1596.344","2007","1","1","Thu","4","25","1"
"42","1/26/2007","1617.972","2007","1","1","Fri","4","26","1"
"43","1/27/2007","2044.072","2007","1","1","Sat","4","27","1"
"44","1/28/2007","3090.204","2007","1","1","Sun","4","28","1"
"45","1/29/2007","1982.664","2007","1","1","Mon","5","29","1"
"46","1/30/2007","1707.798","2007","1","1","Tue","5","30","1"
"47","1/31/2007","2363.752","2007","1","1","Wed","5","31","1"
"48","2/1/2007","1824.76","2007","1","1","Thu","5","32","2"
"49","2/2/2007","1667.736","2007","1","1","Fri","5","33","2"
"50","2/3/2007","4029.722","2007","1","1","Sat","5","34","2"
"51","2/4/2007","3595.94","2007","1","1","Sun","5","35","2"
"52","2/5/2007","1645.28","2007","1","1","Mon","6","36","2"
"53","2/6/2007","1273.48","2007","1","1","Tue","6","37","2"
"54","2/7/2007","2328.018","2007","1","1","Wed","6","38","2"
"55","2/8/2007","1801.414","2007","1","1","Thu","6","39","2"
"56","2/9/2007","1620.198","2007","1","1","Fri","6","40","2"
"57","2/10/2007","2829.328","2007","1","1","Sat","6","41","2"
"58","2/11/2007","3571.228","2007","1","1","Sun","6","42","2"
"59","2/12/2007","1877.61","2007","1","1","Mon","7","43","2"
"60","2/13/2007","1414.546","2007","1","1","Tue","7","44","2"
"61","2/14/2007","2498.672","2007","1","1","Wed","7","45","2"
"62","2/15/2007","1985.346","2007","1","1","Thu","7","46","2"
"63","2/16/2007","1702.528","2007","1","1","Fri","7","47","2"
"64","2/17/2007","2076.912","2007","1","1","Sat","7","48","2"
"65","2/18/2007","3829.762","2007","1","1","Sun","7","49","2"
"66","2/19/2007","2186.614","2007","1","1","Mon","8","50","2"
"67","2/20/2007","3149.928","2007","1","1","Tue","8","51","2"
"68","2/21/2007","2072.874","2007","1","1","Wed","8","52","2"
"69","2/22/2007","3369.478","2007","1","1","Thu","8","53","2"
"70","2/23/2007","1313.48","2007","1","1","Fri","8","54","2"
"71","2/24/2007","714.922","2007","1","1","Sat","8","55","2"
"72","2/25/2007","501.74","2007","1","1","Sun","8","56","2"
"73","2/26/2007","568.484","2007","1","1","Mon","9","57","2"
"74","2/27/2007","518.112","2007","1","1","Tue","9","58","2"
"75","2/28/2007","520.774","2007","1","1","Wed","9","59","2"
"76","3/1/2007","517.564","2007","1","1","Thu","9","60","3"
"77","3/2/2007","515.688","2007","1","1","Fri","9","61","3"
"78","3/3/2007","819.122","2007","1","1","Sat","9","62","3"
"79","3/4/2007","2090.7","2007","1","1","Sun","9","63","3"
"80","3/5/2007","2660.332","2007","1","1","Mon","10","64","3"
"81","3/6/2007","1246.5","2007","1","1","Tue","10","65","3"
"82","3/7/2007","2375.206","2007","1","1","Wed","10","66","3"
"83","3/8/2007","1572.132","2007","1","1","Thu","10","67","3"
"84","3/9/2007","1272.612","2007","1","1","Fri","10","68","3"
"85","3/10/2007","2484.712","2007","1","1","Sat","10","69","3"
"86","3/11/2007","3480.636","2007","1","1","Sun","10","70","3"
"87","3/12/2007","1950.668","2007","1","1","Mon","11","71","3"
"88","3/13/2007","1290.144","2007","1","1","Tue","11","72","3"
"89","3/14/2007","1793.364","2007","1","1","Wed","11","73","3"
"90","3/15/2007","1884.814","2007","1","1","Thu","11","74","3"
"91","3/16/2007","1702.054","2007","1","1","Fri","11","75","3"
"92","3/17/2007","2028.09","2007","1","1","Sat","11","76","3"
"93","3/18/2007","2371.046","2007","1","1","Sun","11","77","3"
"94","3/19/2007","2152.518","2007","1","1","Mon","12","78","3"
"95","3/20/2007","2086.228","2007","1","1","Tue","12","79","3"
"96","3/21/2007","2142.092","2007","1","1","Wed","12","80","3"
"97","3/22/2007","1454.978","2007","1","1","Thu","12","81","3"
"98","3/23/2007","1309.008","2007","1","1","Fri","12","82","3"
"99","3/24/2007","2968.43","2007","1","1","Sat","12","83","3"
"100","3/25/2007","3336.124","2007","1","1","Sun","12","84","3"
"101","3/26/2007","1416.082","2007","1","1","Mon","13","85","3"
"102","3/27/2007","1105.14","2007","1","1","Tue","13","86","3"
"103","3/28/2007","2333.898","2007","1","1","Wed","13","87","3"
"104","3/29/2007","1590.406","2007","1","1","Thu","13","88","3"
"105","3/30/2007","1402.394","2007","1","1","Fri","13","89","3"
"106","3/31/2007","3509.51","2007","1","1","Sat","13","90","3"
"107","4/1/2007","2785.952","2007","1","2","Sun","13","91","4"
"108","4/2/2007","1960.778","2007","1","2","Mon","14","92","4"
"109","4/3/2007","1642.82","2007","1","2","Tue","14","93","4"
"110","4/4/2007","2051.868","2007","1","2","Wed","14","94","4"
"111","4/5/2007","1844.078","2007","1","2","Thu","14","95","4"
"112","4/6/2007","1601.14","2007","1","2","Fri","14","96","4"
"113","4/7/2007","1553.924","2007","1","2","Sat","14","97","4"
"114","4/8/2007","1608.816","2007","1","2","Sun","14","98","4"
"115","4/9/2007","1000.92","2007","1","2","Mon","15","99","4"
"116","4/10/2007","777.364","2007","1","2","Tue","15","100","4"
"117","4/11/2007","887.482","2007","1","2","Wed","15","101","4"
"118","4/12/2007","537.706","2007","1","2","Thu","15","102","4"
"119","4/13/2007","551.022","2007","1","2","Fri","15","103","4"
"120","4/14/2007","554.268","2007","1","2","Sat","15","104","4"
"121","4/15/2007","726.164","2007","1","2","Sun","15","105","4"
"122","4/16/2007","952.39","2007","1","2","Mon","16","106","4"
"123","4/17/2007","1223.734","2007","1","2","Tue","16","107","4"
"124","4/18/2007","998.246","2007","1","2","Wed","16","108","4"
"125","4/19/2007","1028.658","2007","1","2","Thu","16","109","4"
"126","4/20/2007","822.58","2007","1","2","Fri","16","110","4"
"127","4/21/2007","1673.656","2007","1","2","Sat","16","111","4"
"128","4/22/2007","2233.714","2007","1","2","Sun","16","112","4"
"129","4/23/2007","1054.566","2007","1","2","Mon","17","113","4"
"130","4/24/2007","1032.1","2007","1","2","Tue","17","114","4"
"131","4/25/2007","1264.162","2007","1","2","Wed","17","115","4"
"132","4/26/2007","1275.466","2007","1","2","Thu","17","116","4"
"133","4/27/2007","1094.332","2007","1","2","Fri","17","117","4"
"134","4/28/2007","22.738","2007","1","2","Sat","17","118","4"
"135","4/29/2007","0","2007","1","2","Sun","17","119","4"
"136","4/30/2007","420.822","2007","1","2","Mon","18","120","4"
"137","5/1/2007","1663.858","2007","1","2","Tue","18","121","5"
"138","5/2/2007","1003.486","2007","1","2","Wed","18","122","5"
"139","5/3/2007","1090.238","2007","1","2","Thu","18","123","5"
"140","5/4/2007","998.128","2007","1","2","Fri","18","124","5"
"141","5/5/2007","1563.052","2007","1","2","Sat","18","125","5"
"142","5/6/2007","2102.104","2007","1","2","Sun","18","126","5"
"143","5/7/2007","1643.664","2007","1","2","Mon","19","127","5"
"144","5/8/2007","1789.292","2007","1","2","Tue","19","128","5"
"145","5/9/2007","1665.736","2007","1","2","Wed","19","129","5"
"146","5/10/2007","707.884","2007","1","2","Thu","19","130","5"
"147","5/11/2007","979.154","2007","1","2","Fri","19","131","5"
"148","5/12/2007","1441.566","2007","1","2","Sat","19","132","5"
"149","5/13/2007","1634.738","2007","1","2","Sun","19","133","5"
"150","5/14/2007","1467.782","2007","1","2","Mon","20","134","5"
"151","5/15/2007","904.392","2007","1","2","Tue","20","135","5"
"152","5/16/2007","1692.944","2007","1","2","Wed","20","136","5"
"153","5/17/2007","1231.816","2007","1","2","Thu","20","137","5"
"154","5/18/2007","1631.53","2007","1","2","Fri","20","138","5"
"155","5/19/2007","1429.442","2007","1","2","Sat","20","139","5"
"156","5/20/2007","1968.328","2007","1","2","Sun","20","140","5"
"157","5/21/2007","1120.062","2007","1","2","Mon","21","141","5"
"158","5/22/2007","1132.852","2007","1","2","Tue","21","142","5"
"159","5/23/2007","1464.936","2007","1","2","Wed","21","143","5"
"160","5/24/2007","1154.388","2007","1","2","Thu","21","144","5"
"161","5/25/2007","1614.22","2007","1","2","Fri","21","145","5"
"162","5/26/2007","1512.248","2007","1","2","Sat","21","146","5"
"163","5/27/2007","2153.808","2007","1","2","Sun","21","147","5"
"164","5/28/2007","1637.468","2007","1","2","Mon","22","148","5"
"165","5/29/2007","1061.34","2007","1","2","Tue","22","149","5"
"166","5/30/2007","1609.866","2007","1","2","Wed","22","150","5"
"167","5/31/2007","938.55","2007","1","2","Thu","22","151","5"
"168","6/1/2007","1044.918","2007","1","2","Fri","22","152","6"
"169","6/2/2007","1484.362","2007","1","2","Sat","22","153","6"
"170","6/3/2007","2108.026","2007","1","2","Sun","22","154","6"
"171","6/4/2007","911.618","2007","1","2","Mon","23","155","6"
"172","6/5/2007","1458.892","2007","1","2","Tue","23","156","6"
"173","6/6/2007","1693.638","2007","1","2","Wed","23","157","6"
"174","6/7/2007","985.002","2007","1","2","Thu","23","158","6"
"175","6/8/2007","2148.046","2007","1","2","Fri","23","159","6"
"176","6/9/2007","1059.814","2007","1","2","Sat","23","160","6"
"177","6/10/2007","1340.812","2007","1","2","Sun","23","161","6"
"178","6/11/2007","794.654","2007","1","2","Mon","24","162","6"
"179","6/12/2007","918.766","2007","1","2","Tue","24","163","6"
"180","6/13/2007","927.272","2007","1","2","Wed","24","164","6"
"181","6/14/2007","1259.084","2007","1","2","Thu","24","165","6"
"182","6/15/2007","989.604","2007","1","2","Fri","24","166","6"
"183","6/16/2007","2017.762","2007","1","2","Sat","24","167","6"
"184","6/17/2007","1947.09","2007","1","2","Sun","24","168","6"
"185","6/18/2007","678.474","2007","1","2","Mon","25","169","6"
"186","6/19/2007","842.36","2007","1","2","Tue","25","170","6"
"187","6/20/2007","1074.286","2007","1","2","Wed","25","171","6"
"188","6/21/2007","806.946","2007","1","2","Thu","25","172","6"
"189","6/22/2007","566.294","2007","1","2","Fri","25","173","6"
"190","6/23/2007","477.566","2007","1","2","Sat","25","174","6"
"191","6/24/2007","714.656","2007","1","2","Sun","25","175","6"
"192","6/25/2007","1072.202","2007","1","2","Mon","26","176","6"
"193","6/26/2007","944.908","2007","1","2","Tue","26","177","6"
"194","6/27/2007","1480.826","2007","1","2","Wed","26","178","6"
"195","6/28/2007","1295.438","2007","1","2","Thu","26","179","6"
"196","6/29/2007","1304.198","2007","1","2","Fri","26","180","6"
"197","6/30/2007","1335.314","2007","1","2","Sat","26","181","6"
"198","7/1/2007","1026.664","2007","2","3","Sun","26","182","7"
"199","7/2/2007","967.032","2007","2","3","Mon","27","183","7"
"200","7/3/2007","1059.912","2007","2","3","Tue","27","184","7"
"201","7/4/2007","1003.41","2007","2","3","Wed","27","185","7"
"202","7/5/2007","1057.29","2007","2","3","Thu","27","186","7"
"203","7/6/2007","1069.524","2007","2","3","Fri","27","187","7"
"204","7/7/2007","1358.206","2007","2","3","Sat","27","188","7"
"205","7/8/2007","1089.08","2007","2","3","Sun","27","189","7"
"206","7/9/2007","1180.158","2007","2","3","Mon","28","190","7"
"207","7/10/2007","908.324","2007","2","3","Tue","28","191","7"
"208","7/11/2007","722.352","2007","2","3","Wed","28","192","7"
"209","7/12/2007","1069.582","2007","2","3","Thu","28","193","7"
"210","7/13/2007","794.382","2007","2","3","Fri","28","194","7"
"211","7/14/2007","1288.17","2007","2","3","Sat","28","195","7"
"212","7/15/2007","917.024","2007","2","3","Sun","28","196","7"
"213","7/16/2007","853.674","2007","2","3","Mon","29","197","7"
"214","7/17/2007","719.632","2007","2","3","Tue","29","198","7"
"215","7/18/2007","757.082","2007","2","3","Wed","29","199","7"
"216","7/19/2007","677.886","2007","2","3","Thu","29","200","7"
"217","7/20/2007","1110.422","2007","2","3","Fri","29","201","7"
"218","7/21/2007","1060.248","2007","2","3","Sat","29","202","7"
"219","7/22/2007","1375.774","2007","2","3","Sun","29","203","7"
"220","7/23/2007","991.018","2007","2","3","Mon","30","204","7"
"221","7/24/2007","825.284","2007","2","3","Tue","30","205","7"
"222","7/25/2007","472.56","2007","2","3","Wed","30","206","7"
"223","7/26/2007","924.5","2007","2","3","Thu","30","207","7"
"224","7/27/2007","1202.514","2007","2","3","Fri","30","208","7"
"225","7/28/2007","1621.862","2007","2","3","Sat","30","209","7"
"226","7/29/2007","321.116","2007","2","3","Sun","30","210","7"
"227","7/30/2007","466.816","2007","2","3","Mon","31","211","7"
"228","7/31/2007","812.332","2007","2","3","Tue","31","212","7"
"229","8/1/2007","1060.338","2007","2","3","Wed","31","213","8"
"230","8/2/2007","1019.416","2007","2","3","Thu","31","214","8"
"231","8/3/2007","1063.364","2007","2","3","Fri","31","215","8"
"232","8/4/2007","1144.99","2007","2","3","Sat","31","216","8"
"233","8/5/2007","787.098","2007","2","3","Sun","31","217","8"
"234","8/6/2007","1089.72","2007","2","3","Mon","32","218","8"
"235","8/7/2007","1483.58","2007","2","3","Tue","32","219","8"
"236","8/8/2007","1125.482","2007","2","3","Wed","32","220","8"
"237","8/9/2007","1071.68","2007","2","3","Thu","32","221","8"
"238","8/10/2007","1028.01","2007","2","3","Fri","32","222","8"
"239","8/11/2007","1091.65","2007","2","3","Sat","32","223","8"
"240","8/12/2007","1241.904","2007","2","3","Sun","32","224","8"
"241","8/13/2007","1153.012","2007","2","3","Mon","33","225","8"
"242","8/14/2007","941.19","2007","2","3","Tue","33","226","8"
"243","8/15/2007","1191.86","2007","2","3","Wed","33","227","8"
"244","8/16/2007","958.496","2007","2","3","Thu","33","228","8"
"245","8/17/2007","1009.892","2007","2","3","Fri","33","229","8"
"246","8/18/2007","347.96","2007","2","3","Sat","33","230","8"
"247","8/19/2007","1422.294","2007","2","3","Sun","33","231","8"
"248","8/20/2007","1338.842","2007","2","3","Mon","34","232","8"
"249","8/21/2007","642.556","2007","2","3","Tue","34","233","8"
"250","8/22/2007","1209.808","2007","2","3","Wed","34","234","8"
"251","8/23/2007","1112.312","2007","2","3","Thu","34","235","8"
"252","8/24/2007","1656.214","2007","2","3","Fri","34","236","8"
"253","8/25/2007","1150.88","2007","2","3","Sat","34","237","8"
"254","8/26/2007","1314.906","2007","2","3","Sun","34","238","8"
"255","8/27/2007","1211.73","2007","2","3","Mon","35","239","8"
"256","8/28/2007","997.004","2007","2","3","Tue","35","240","8"
"257","8/29/2007","747.992","2007","2","3","Wed","35","241","8"
"258","8/30/2007","1202.458","2007","2","3","Thu","35","242","8"
"259","8/31/2007","1279.822","2007","2","3","Fri","35","243","8"
"260","9/1/2007","1701.486","2007","2","3","Sat","35","244","9"
"261","9/2/2007","1662.468","2007","2","3","Sun","35","245","9"
"262","9/3/2007","1038.922","2007","2","3","Mon","36","246","9"
"263","9/4/2007","1584.944","2007","2","3","Tue","36","247","9"
"264","9/5/2007","1236.572","2007","2","3","Wed","36","248","9"
"265","9/6/2007","901.474","2007","2","3","Thu","36","249","9"
"266","9/7/2007","1336.496","2007","2","3","Fri","36","250","9"
"267","9/8/2007","1469.752","2007","2","3","Sat","36","251","9"
"268","9/9/2007","1679.502","2007","2","3","Sun","36","252","9"
"269","9/10/2007","1117.376","2007","2","3","Mon","37","253","9"
"270","9/11/2007","983.572","2007","2","3","Tue","37","254","9"
"271","9/12/2007","1287.764","2007","2","3","Wed","37","255","9"
"272","9/13/2007","1146.382","2007","2","3","Thu","37","256","9"
"273","9/14/2007","1135.47","2007","2","3","Fri","37","257","9"
"274","9/15/2007","1095.312","2007","2","3","Sat","37","258","9"
"275","9/16/2007","1652.224","2007","2","3","Sun","37","259","9"
"276","9/17/2007","1461.186","2007","2","3","Mon","38","260","9"
"277","9/18/2007","1167.52","2007","2","3","Tue","38","261","9"
"278","9/19/2007","1298.684","2007","2","3","Wed","38","262","9"
"279","9/20/2007","1255.532","2007","2","3","Thu","38","263","9"
"280","9/21/2007","1238.78","2007","2","3","Fri","38","264","9"
"281","9/22/2007","1176.172","2007","2","3","Sat","38","265","9"
"282","9/23/2007","1417.97","2007","2","3","Sun","38","266","9"
"283","9/24/2007","1354.53","2007","2","3","Mon","39","267","9"
"284","9/25/2007","1764.342","2007","2","3","Tue","39","268","9"
"285","9/26/2007","1822.264","2007","2","3","Wed","39","269","9"
"286","9/27/2007","1392.6","2007","2","3","Thu","39","270","9"
"287","9/28/2007","1680.498","2007","2","3","Fri","39","271","9"
"288","9/29/2007","2296.522","2007","2","3","Sat","39","272","9"
"289","9/30/2007","1516.29","2007","2","3","Sun","39","273","9"
"290","10/1/2007","1720.922","2007","2","4","Mon","40","274","10"
"291","10/2/2007","2198.864","2007","2","4","Tue","40","275","10"
"292","10/3/2007","1280.454","2007","2","4","Wed","40","276","10"
"293","10/4/2007","1518.458","2007","2","4","Thu","40","277","10"
"294","10/5/2007","1394.092","2007","2","4","Fri","40","278","10"
"295","10/6/2007","1756.24","2007","2","4","Sat","40","279","10"
"296","10/7/2007","2106.114","2007","2","4","Sun","40","280","10"
"297","10/8/2007","1095.242","2007","2","4","Mon","41","281","10"
"298","10/9/2007","1687.858","2007","2","4","Tue","41","282","10"
"299","10/10/2007","1166.972","2007","2","4","Wed","41","283","10"
"300","10/11/2007","1732.446","2007","2","4","Thu","41","284","10"
"301","10/12/2007","1914.504","2007","2","4","Fri","41","285","10"
"302","10/13/2007","1926.728","2007","2","4","Sat","41","286","10"
"303","10/14/2007","2061.252","2007","2","4","Sun","41","287","10"
"304","10/15/2007","1266.33","2007","2","4","Mon","42","288","10"
"305","10/16/2007","1964.442","2007","2","4","Tue","42","289","10"
"306","10/17/2007","1576.93","2007","2","4","Wed","42","290","10"
"307","10/18/2007","1518.53","2007","2","4","Thu","42","291","10"
"308","10/19/2007","2085.648","2007","2","4","Fri","42","292","10"
"309","10/20/2007","1660.246","2007","2","4","Sat","42","293","10"
"310","10/21/2007","1941.94","2007","2","4","Sun","42","294","10"
"311","10/22/2007","1652.896","2007","2","4","Mon","43","295","10"
"312","10/23/2007","1954.648","2007","2","4","Tue","43","296","10"
"313","10/24/2007","1865.636","2007","2","4","Wed","43","297","10"
"314","10/25/2007","1853.918","2007","2","4","Thu","43","298","10"
"315","10/26/2007","1437.568","2007","2","4","Fri","43","299","10"
"316","10/27/2007","1785.688","2007","2","4","Sat","43","300","10"
"317","10/28/2007","512.158","2007","2","4","Sun","43","301","10"
"318","10/29/2007","545.428","2007","2","4","Mon","44","302","10"
"319","10/30/2007","811.008","2007","2","4","Tue","44","303","10"
"320","10/31/2007","1283.21","2007","2","4","Wed","44","304","10"
"321","11/1/2007","496.216","2007","2","4","Thu","44","305","11"
"322","11/2/2007","1443.602","2007","2","4","Fri","44","306","11"
"323","11/3/2007","492.55","2007","2","4","Sat","44","307","11"
"324","11/4/2007","1485.686","2007","2","4","Sun","44","308","11"
"325","11/5/2007","1500.592","2007","2","4","Mon","45","309","11"
"326","11/6/2007","2082.378","2007","2","4","Tue","45","310","11"
"327","11/7/2007","1844.758","2007","2","4","Wed","45","311","11"
"328","11/8/2007","1501.06","2007","2","4","Thu","45","312","11"
"329","11/9/2007","2171.226","2007","2","4","Fri","45","313","11"
"330","11/10/2007","2611.6","2007","2","4","Sat","45","314","11"
"331","11/11/2007","1887.124","2007","2","4","Sun","45","315","11"
"332","11/12/2007","2156.146","2007","2","4","Mon","46","316","11"
"333","11/13/2007","2214.398","2007","2","4","Tue","46","317","11"
"334","11/14/2007","2047.994","2007","2","4","Wed","46","318","11"
"335","11/15/2007","1491.988","2007","2","4","Thu","46","319","11"
"336","11/16/2007","2309.754","2007","2","4","Fri","46","320","11"
"337","11/17/2007","2610.094","2007","2","4","Sat","46","321","11"
"338","11/18/2007","2183.858","2007","2","4","Sun","46","322","11"
"339","11/19/2007","1723.654","2007","2","4","Mon","47","323","11"
"340","11/20/2007","2095.856","2007","2","4","Tue","47","324","11"
"341","11/21/2007","1751.836","2007","2","4","Wed","47","325","11"
"342","11/22/2007","1932.378","2007","2","4","Thu","47","326","11"
"343","11/23/2007","2522.618","2007","2","4","Fri","47","327","11"
"344","11/24/2007","1899.054","2007","2","4","Sat","47","328","11"
"345","11/25/2007","1395.598","2007","2","4","Sun","47","329","11"
"346","11/26/2007","1569.716","2007","2","4","Mon","48","330","11"
"347","11/27/2007","2801.012","2007","2","4","Tue","48","331","11"
"348","11/28/2007","1644.94","2007","2","4","Wed","48","332","11"
"349","11/29/2007","1719.23","2007","2","4","Thu","48","333","11"
"350","11/30/2007","2331.728","2007","2","4","Fri","48","334","11"
"351","12/1/2007","3134.942","2007","2","4","Sat","48","335","12"
"352","12/2/2007","2946.188","2007","2","4","Sun","48","336","12"
"353","12/3/2007","1762.06","2007","2","4","Mon","49","337","12"
"354","12/4/2007","2067.636","2007","2","4","Tue","49","338","12"
"355","12/5/2007","2153.12","2007","2","4","Wed","49","339","12"
"356","12/6/2007","2487.934","2007","2","4","Thu","49","340","12"
"357","12/7/2007","1769.016","2007","2","4","Fri","49","341","12"
"358","12/8/2007","2213.404","2007","2","4","Sat","49","342","12"
"359","12/9/2007","2274.584","2007","2","4","Sun","49","343","12"
"360","12/10/2007","1758.754","2007","2","4","Mon","50","344","12"
"361","12/11/2007","2305.104","2007","2","4","Tue","50","345","12"
"362","12/12/2007","1588.062","2007","2","4","Wed","50","346","12"
"363","12/13/2007","1847.746","2007","2","4","Thu","50","347","12"
"364","12/14/2007","1974.808","2007","2","4","Fri","50","348","12"
"365","12/15/2007","2736.876","2007","2","4","Sat","50","349","12"
"366","12/16/2007","2762.218","2007","2","4","Sun","50","350","12"
"367","12/17/2007","1797.066","2007","2","4","Mon","51","351","12"
"368","12/18/2007","2623.194","2007","2","4","Tue","51","352","12"
"369","12/19/2007","2196.052","2007","2","4","Wed","51","353","12"
"370","12/20/2007","1949.758","2007","2","4","Thu","51","354","12"
"371","12/21/2007","1982.576","2007","2","4","Fri","51","355","12"
"372","12/22/2007","2611.264","2007","2","4","Sat","51","356","12"
"373","12/23/2007","2409.048","2007","2","4","Sun","51","357","12"
"374","12/24/2007","2257.848","2007","2","4","Mon","52","358","12"
"375","12/25/2007","2694.968","2007","2","4","Tue","52","359","12"
"376","12/26/2007","2580.28","2007","2","4","Wed","52","360","12"
"377","12/27/2007","2532.198","2007","2","4","Thu","52","361","12"
"378","12/28/2007","3113.052","2007","2","4","Fri","52","362","12"
"379","12/29/2007","3298.956","2007","2","4","Sat","52","363","12"
"380","12/30/2007","2558.916","2007","2","4","Sun","52","364","12"
"381","12/31/2007","2216.542","2007","2","4","Mon","53","365","12"
"382","1/1/2008","2759.738","2008","1","1","Tue","1","1","1"
"383","1/2/2008","1644.106","2008","1","1","Wed","1","2","1"
"384","1/3/2008","1510.108","2008","1","1","Thu","1","3","1"
"385","1/4/2008","2291.852","2008","1","1","Fri","1","4","1"
"386","1/5/2008","2183.248","2008","1","1","Sat","1","5","1"
"387","1/6/2008","1825.184","2008","1","1","Sun","1","6","1"
"388","1/7/2008","1695.814","2008","1","1","Mon","1","7","1"
"389","1/8/2008","2043.55","2008","1","1","Tue","2","8","1"
"390","1/9/2008","1788.44","2008","1","1","Wed","2","9","1"
"391","1/10/2008","1894.076","2008","1","1","Thu","2","10","1"
"392","1/11/2008","1705.818","2008","1","1","Fri","2","11","1"
"393","1/12/2008","2871.408","2008","1","1","Sat","2","12","1"
"394","1/13/2008","2881.656","2008","1","1","Sun","2","13","1"
"395","1/14/2008","2024.932","2008","1","1","Mon","2","14","1"
"396","1/15/2008","2686.912","2008","1","1","Tue","3","15","1"
"397","1/16/2008","2135.852","2008","1","1","Wed","3","16","1"
"398","1/17/2008","1572.282","2008","1","1","Thu","3","17","1"
"399","1/18/2008","2186.988","2008","1","1","Fri","3","18","1"
"400","1/19/2008","1980.306","2008","1","1","Sat","3","19","1"
"401","1/20/2008","1740.368","2008","1","1","Sun","3","20","1"
"402","1/21/2008","1858.998","2008","1","1","Mon","3","21","1"
"403","1/22/2008","2325.018","2008","1","1","Tue","4","22","1"
"404","1/23/2008","1882.308","2008","1","1","Wed","4","23","1"
"405","1/24/2008","1645.022","2008","1","1","Thu","4","24","1"
"406","1/25/2008","2239.856","2008","1","1","Fri","4","25","1"
"407","1/26/2008","2834.988","2008","1","1","Sat","4","26","1"
"408","1/27/2008","2381.766","2008","1","1","Sun","4","27","1"
"409","1/28/2008","2308.196","2008","1","1","Mon","4","28","1"
"410","1/29/2008","2676.024","2008","1","1","Tue","5","29","1"
"411","1/30/2008","1640.646","2008","1","1","Wed","5","30","1"
"412","1/31/2008","1953.922","2008","1","1","Thu","5","31","1"
"413","2/1/2008","1534.652","2008","1","1","Fri","5","32","2"
"414","2/2/2008","2936.034","2008","1","1","Sat","5","33","2"
"415","2/3/2008","2084.568","2008","1","1","Sun","5","34","2"
"416","2/4/2008","1628.138","2008","1","1","Mon","5","35","2"
"417","2/5/2008","2472.456","2008","1","1","Tue","6","36","2"
"418","2/6/2008","1669.54","2008","1","1","Wed","6","37","2"
"419","2/7/2008","1518.31","2008","1","1","Thu","6","38","2"
"420","2/8/2008","1950.564","2008","1","1","Fri","6","39","2"
"421","2/9/2008","2102.276","2008","1","1","Sat","6","40","2"
"422","2/10/2008","2184.714","2008","1","1","Sun","6","41","2"
"423","2/11/2008","1692.016","2008","1","1","Mon","6","42","2"
"424","2/12/2008","1987.798","2008","1","1","Tue","7","43","2"
"425","2/13/2008","1900.498","2008","1","1","Wed","7","44","2"
"426","2/14/2008","1604.622","2008","1","1","Thu","7","45","2"
"427","2/15/2008","2005.208","2008","1","1","Fri","7","46","2"
"428","2/16/2008","2346.948","2008","1","1","Sat","7","47","2"
"429","2/17/2008","1933.368","2008","1","1","Sun","7","48","2"
"430","2/18/2008","1514.404","2008","1","1","Mon","7","49","2"
"431","2/19/2008","2126.916","2008","1","1","Tue","8","50","2"
"432","2/20/2008","2253.79","2008","1","1","Wed","8","51","2"
"433","2/21/2008","1633.85","2008","1","1","Thu","8","52","2"
"434","2/22/2008","1732.564","2008","1","1","Fri","8","53","2"
"435","2/23/2008","1833.97","2008","1","1","Sat","8","54","2"
"436","2/24/2008","1263.008","2008","1","1","Sun","8","55","2"
"437","2/25/2008","504.488","2008","1","1","Mon","8","56","2"
"438","2/26/2008","507.12","2008","1","1","Tue","9","57","2"
"439","2/27/2008","566.72","2008","1","1","Wed","9","58","2"
"440","2/28/2008","509.184","2008","1","1","Thu","9","59","2"
"441","2/29/2008","1333.348","2008","1","1","Fri","9","60","2"
"442","3/1/2008","1141.876","2008","1","1","Sat","9","61","3"
"443","3/2/2008","1162.226","2008","1","1","Sun","9","62","3"
"444","3/3/2008","1040.55","2008","1","1","Mon","9","63","3"
"445","3/4/2008","1668.99","2008","1","1","Tue","10","64","3"
"446","3/5/2008","2037.208","2008","1","1","Wed","10","65","3"
"447","3/6/2008","2503.208","2008","1","1","Thu","10","66","3"
"448","3/7/2008","1862.956","2008","1","1","Fri","10","67","3"
"449","3/8/2008","2248.66","2008","1","1","Sat","10","68","3"
"450","3/9/2008","1560.458","2008","1","1","Sun","10","69","3"
"451","3/10/2008","1618.686","2008","1","1","Mon","10","70","3"
"452","3/11/2008","2200.042","2008","1","1","Tue","11","71","3"
"453","3/12/2008","1774.232","2008","1","1","Wed","11","72","3"
"454","3/13/2008","1675.514","2008","1","1","Thu","11","73","3"
"455","3/14/2008","2210.22","2008","1","1","Fri","11","74","3"
"456","3/15/2008","1576.3","2008","1","1","Sat","11","75","3"
"457","3/16/2008","1801.96","2008","1","1","Sun","11","76","3"
"458","3/17/2008","1706.918","2008","1","1","Mon","11","77","3"
"459","3/18/2008","1917.566","2008","1","1","Tue","12","78","3"
"460","3/19/2008","1308.448","2008","1","1","Wed","12","79","3"
"461","3/20/2008","1253.274","2008","1","1","Thu","12","80","3"
"462","3/21/2008","2066.442","2008","1","1","Fri","12","81","3"
"463","3/22/2008","2053.516","2008","1","1","Sat","12","82","3"
"464","3/23/2008","2325.99","2008","1","1","Sun","12","83","3"
"465","3/24/2008","1974.668","2008","1","1","Mon","12","84","3"
"466","3/25/2008","2015.856","2008","1","1","Tue","13","85","3"
"467","3/26/2008","1633.472","2008","1","1","Wed","13","86","3"
"468","3/27/2008","1370.822","2008","1","1","Thu","13","87","3"
"469","3/28/2008","1885.424","2008","1","1","Fri","13","88","3"
"470","3/29/2008","2471.15","2008","1","1","Sat","13","89","3"
"471","3/30/2008","2146.392","2008","1","1","Sun","13","90","3"
"472","3/31/2008","1377.57","2008","1","1","Mon","13","91","3"
"473","4/1/2008","2129.052","2008","1","2","Tue","14","92","4"
"474","4/2/2008","1691.672","2008","1","2","Wed","14","93","4"
"475","4/3/2008","1128.756","2008","1","2","Thu","14","94","4"
"476","4/4/2008","1631.918","2008","1","2","Fri","14","95","4"
"477","4/5/2008","1970.762","2008","1","2","Sat","14","96","4"
"478","4/6/2008","1696.318","2008","1","2","Sun","14","97","4"
"479","4/7/2008","1538.838","2008","1","2","Mon","14","98","4"
"480","4/8/2008","2657.516","2008","1","2","Tue","15","99","4"
"481","4/9/2008","1218.852","2008","1","2","Wed","15","100","4"
"482","4/10/2008","1477.746","2008","1","2","Thu","15","101","4"
"483","4/11/2008","1877.664","2008","1","2","Fri","15","102","4"
"484","4/12/2008","2800.014","2008","1","2","Sat","15","103","4"
"485","4/13/2008","2232.986","2008","1","2","Sun","15","104","4"
"486","4/14/2008","1589.582","2008","1","2","Mon","15","105","4"
"487","4/15/2008","1670.406","2008","1","2","Tue","16","106","4"
"488","4/16/2008","1489.064","2008","1","2","Wed","16","107","4"
"489","4/17/2008","1395.862","2008","1","2","Thu","16","108","4"
"490","4/18/2008","1862.39","2008","1","2","Fri","16","109","4"
"491","4/19/2008","2253.71","2008","1","2","Sat","16","110","4"
"492","4/20/2008","1791.418","2008","1","2","Sun","16","111","4"
"493","4/21/2008","1164.156","2008","1","2","Mon","16","112","4"
"494","4/22/2008","1627.676","2008","1","2","Tue","17","113","4"
"495","4/23/2008","1357.328","2008","1","2","Wed","17","114","4"
"496","4/24/2008","1043.772","2008","1","2","Thu","17","115","4"
"497","4/25/2008","1267.734","2008","1","2","Fri","17","116","4"
"498","4/26/2008","903.166","2008","1","2","Sat","17","117","4"
"499","4/27/2008","1008.24","2008","1","2","Sun","17","118","4"
"500","4/28/2008","659.052","2008","1","2","Mon","17","119","4"
"501","4/29/2008","1972.616","2008","1","2","Tue","18","120","4"
"502","4/30/2008","1101.726","2008","1","2","Wed","18","121","4"
"503","5/1/2008","576.014","2008","1","2","Thu","18","122","5"
"504","5/2/2008","1497.768","2008","1","2","Fri","18","123","5"
"505","5/3/2008","1289.6","2008","1","2","Sat","18","124","5"
"506","5/4/2008","1470.97","2008","1","2","Sun","18","125","5"
"507","5/5/2008","1366.932","2008","1","2","Mon","18","126","5"
"508","5/6/2008","1789.98","2008","1","2","Tue","19","127","5"
"509","5/7/2008","1176.264","2008","1","2","Wed","19","128","5"
"510","5/8/2008","2116.698","2008","1","2","Thu","19","129","5"
"511","5/9/2008","1747.272","2008","1","2","Fri","19","130","5"
"512","5/10/2008","1909.128","2008","1","2","Sat","19","131","5"
"513","5/11/2008","1610.92","2008","1","2","Sun","19","132","5"
"514","5/12/2008","1524.204","2008","1","2","Mon","19","133","5"
"515","5/13/2008","1476.894","2008","1","2","Tue","20","134","5"
"516","5/14/2008","1584.262","2008","1","2","Wed","20","135","5"
"517","5/15/2008","1162.768","2008","1","2","Thu","20","136","5"
"518","5/16/2008","1648.03","2008","1","2","Fri","20","137","5"
"519","5/17/2008","1657.454","2008","1","2","Sat","20","138","5"
"520","5/18/2008","1803.958","2008","1","2","Sun","20","139","5"
"521","5/19/2008","1030.262","2008","1","2","Mon","20","140","5"
"522","5/20/2008","1581.334","2008","1","2","Tue","21","141","5"
"523","5/21/2008","1324.112","2008","1","2","Wed","21","142","5"
"524","5/22/2008","976.868","2008","1","2","Thu","21","143","5"
"525","5/23/2008","1484.916","2008","1","2","Fri","21","144","5"
"526","5/24/2008","1580.176","2008","1","2","Sat","21","145","5"
"527","5/25/2008","2048.504","2008","1","2","Sun","21","146","5"
"528","5/26/2008","1289.71","2008","1","2","Mon","21","147","5"
"529","5/27/2008","1708.7","2008","1","2","Tue","22","148","5"
"530","5/28/2008","1114.372","2008","1","2","Wed","22","149","5"
"531","5/29/2008","1135.076","2008","1","2","Thu","22","150","5"
"532","5/30/2008","1397.244","2008","1","2","Fri","22","151","5"
"533","5/31/2008","1641.47","2008","1","2","Sat","22","152","5"
"534","6/1/2008","1848.876","2008","1","2","Sun","22","153","6"
"535","6/2/2008","1074.012","2008","1","2","Mon","22","154","6"
"536","6/3/2008","1597.816","2008","1","2","Tue","23","155","6"
"537","6/4/2008","1588.912","2008","1","2","Wed","23","156","6"
"538","6/5/2008","1120.078","2008","1","2","Thu","23","157","6"
"539","6/6/2008","1217.714","2008","1","2","Fri","23","158","6"
"540","6/7/2008","1882.484","2008","1","2","Sat","23","159","6"
"541","6/8/2008","1542.322","2008","1","2","Sun","23","160","6"
"542","6/9/2008","1325.698","2008","1","2","Mon","23","161","6"
"543","6/10/2008","1067.09","2008","1","2","Tue","24","162","6"
"544","6/11/2008","1123.206","2008","1","2","Wed","24","163","6"
"545","6/12/2008","1259.332","2008","1","2","Thu","24","164","6"
"546","6/13/2008","1874.28","2008","1","2","Fri","24","165","6"
"547","6/14/2008","1384.92","2008","1","2","Sat","24","166","6"
"548","6/15/2008","2289.102","2008","1","2","Sun","24","167","6"
"549","6/16/2008","1303.044","2008","1","2","Mon","24","168","6"
"550","6/17/2008","1145.084","2008","1","2","Tue","25","169","6"
"551","6/18/2008","1893.608","2008","1","2","Wed","25","170","6"
"552","6/19/2008","1588.082","2008","1","2","Thu","25","171","6"
"553","6/20/2008","1676.104","2008","1","2","Fri","25","172","6"
"554","6/21/2008","1734.254","2008","1","2","Sat","25","173","6"
"555","6/22/2008","1566.416","2008","1","2","Sun","25","174","6"
"556","6/23/2008","1251.796","2008","1","2","Mon","25","175","6"
"557","6/24/2008","1754.452","2008","1","2","Tue","26","176","6"
"558","6/25/2008","1261.77","2008","1","2","Wed","26","177","6"
"559","6/26/2008","1056.02","2008","1","2","Thu","26","178","6"
"560","6/27/2008","1755.152","2008","1","2","Fri","26","179","6"
"561","6/28/2008","1208.8","2008","1","2","Sat","26","180","6"
"562","6/29/2008","749.352","2008","1","2","Sun","26","181","6"
"563","6/30/2008","804.196","2008","1","2","Mon","26","182","6"
"564","7/1/2008","1215.24","2008","2","3","Tue","27","183","7"
"565","7/2/2008","1147.202","2008","2","3","Wed","27","184","7"
"566","7/3/2008","1098.36","2008","2","3","Thu","27","185","7"
"567","7/4/2008","942.02","2008","2","3","Fri","27","186","7"
"568","7/5/2008","1469.088","2008","2","3","Sat","27","187","7"
"569","7/6/2008","1805.064","2008","2","3","Sun","27","188","7"
"570","7/7/2008","983.39","2008","2","3","Mon","27","189","7"
"571","7/8/2008","1126.214","2008","2","3","Tue","28","190","7"
"572","7/9/2008","919.318","2008","2","3","Wed","28","191","7"
"573","7/10/2008","1251.276","2008","2","3","Thu","28","192","7"
"574","7/11/2008","1254.216","2008","2","3","Fri","28","193","7"
"575","7/12/2008","1328.852","2008","2","3","Sat","28","194","7"
"576","7/13/2008","1253.754","2008","2","3","Sun","28","195","7"
"577","7/14/2008","1137.926","2008","2","3","Mon","28","196","7"
"578","7/15/2008","1155.86","2008","2","3","Tue","29","197","7"
"579","7/16/2008","1077.062","2008","2","3","Wed","29","198","7"
"580","7/17/2008","1319.122","2008","2","3","Thu","29","199","7"
"581","7/18/2008","1261.584","2008","2","3","Fri","29","200","7"
"582","7/19/2008","1344.014","2008","2","3","Sat","29","201","7"
"583","7/20/2008","941.534","2008","2","3","Sun","29","202","7"
"584","7/21/2008","1156.478","2008","2","3","Mon","29","203","7"
"585","7/22/2008","740.242","2008","2","3","Tue","30","204","7"
"586","7/23/2008","942.63","2008","2","3","Wed","30","205","7"
"587","7/24/2008","1093.45","2008","2","3","Thu","30","206","7"
"588","7/25/2008","865.534","2008","2","3","Fri","30","207","7"
"589","7/26/2008","815.684","2008","2","3","Sat","30","208","7"
"590","7/27/2008","1147.396","2008","2","3","Sun","30","209","7"
"591","7/28/2008","825.804","2008","2","3","Mon","30","210","7"
"592","7/29/2008","1166.558","2008","2","3","Tue","31","211","7"
"593","7/30/2008","1299.908","2008","2","3","Wed","31","212","7"
"594","7/31/2008","1392.638","2008","2","3","Thu","31","213","7"
"595","8/1/2008","739.576","2008","2","3","Fri","31","214","8"
"596","8/2/2008","505.776","2008","2","3","Sat","31","215","8"
"597","8/3/2008","504.782","2008","2","3","Sun","31","216","8"
"598","8/4/2008","1125.92","2008","2","3","Mon","31","217","8"
"599","8/5/2008","827.118","2008","2","3","Tue","32","218","8"
"600","8/6/2008","326.112","2008","2","3","Wed","32","219","8"
"601","8/7/2008","334.884","2008","2","3","Thu","32","220","8"
"602","8/8/2008","302.2","2008","2","3","Fri","32","221","8"
"603","8/9/2008","358.924","2008","2","3","Sat","32","222","8"
"604","8/10/2008","352.032","2008","2","3","Sun","32","223","8"
"605","8/11/2008","371.916","2008","2","3","Mon","32","224","8"
"606","8/12/2008","288.984","2008","2","3","Tue","33","225","8"
"607","8/13/2008","282.584","2008","2","3","Wed","33","226","8"
"608","8/14/2008","270.258","2008","2","3","Thu","33","227","8"
"609","8/15/2008","273.654","2008","2","3","Fri","33","228","8"
"610","8/16/2008","274.814","2008","2","3","Sat","33","229","8"
"611","8/17/2008","274.796","2008","2","3","Sun","33","230","8"
"612","8/18/2008","273.758","2008","2","3","Mon","33","231","8"
"613","8/19/2008","274.692","2008","2","3","Tue","34","232","8"
"614","8/20/2008","268.472","2008","2","3","Wed","34","233","8"
"615","8/21/2008","261.298","2008","2","3","Thu","34","234","8"
"616","8/22/2008","267.124","2008","2","3","Fri","34","235","8"
"617","8/23/2008","254.642","2008","2","3","Sat","34","236","8"
"618","8/24/2008","254.716","2008","2","3","Sun","34","237","8"
"619","8/25/2008","250.298","2008","2","3","Mon","34","238","8"
"620","8/26/2008","257.564","2008","2","3","Tue","35","239","8"
"621","8/27/2008","258.114","2008","2","3","Wed","35","240","8"
"622","8/28/2008","268.246","2008","2","3","Thu","35","241","8"
"623","8/29/2008","267.588","2008","2","3","Fri","35","242","8"
"624","8/30/2008","270.424","2008","2","3","Sat","35","243","8"
"625","8/31/2008","1500.614","2008","2","3","Sun","35","244","8"
"626","9/1/2008","1247.51","2008","2","3","Mon","35","245","9"
"627","9/2/2008","1384.154","2008","2","3","Tue","36","246","9"
"628","9/3/2008","1388.486","2008","2","3","Wed","36","247","9"
"629","9/4/2008","1225.22","2008","2","3","Thu","36","248","9"
"630","9/5/2008","873.96","2008","2","3","Fri","36","249","9"
"631","9/6/2008","1868.574","2008","2","3","Sat","36","250","9"
"632","9/7/2008","1372.656","2008","2","3","Sun","36","251","9"
"633","9/8/2008","1309.324","2008","2","3","Mon","36","252","9"
"634","9/9/2008","1159.654","2008","2","3","Tue","37","253","9"
"635","9/10/2008","1300.764","2008","2","3","Wed","37","254","9"
"636","9/11/2008","1028.714","2008","2","3","Thu","37","255","9"
"637","9/12/2008","1392.762","2008","2","3","Fri","37","256","9"
"638","9/13/2008","1631.436","2008","2","3","Sat","37","257","9"
"639","9/14/2008","1576.326","2008","2","3","Sun","37","258","9"
"640","9/15/2008","1697.708","2008","2","3","Mon","37","259","9"
"641","9/16/2008","1221.862","2008","2","3","Tue","38","260","9"
"642","9/17/2008","1519.21","2008","2","3","Wed","38","261","9"
"643","9/18/2008","1505.29","2008","2","3","Thu","38","262","9"
"644","9/19/2008","1518.846","2008","2","3","Fri","38","263","9"
"645","9/20/2008","1304.6","2008","2","3","Sat","38","264","9"
"646","9/21/2008","1533.07","2008","2","3","Sun","38","265","9"
"647","9/22/2008","1358.564","2008","2","3","Mon","38","266","9"
"648","9/23/2008","1232.788","2008","2","3","Tue","39","267","9"
"649","9/24/2008","1718.35","2008","2","3","Wed","39","268","9"
"650","9/25/2008","1131.22","2008","2","3","Thu","39","269","9"
"651","9/26/2008","1431.45","2008","2","3","Fri","39","270","9"
"652","9/27/2008","2127.446","2008","2","3","Sat","39","271","9"
"653","9/28/2008","1731.104","2008","2","3","Sun","39","272","9"
"654","9/29/2008","1501.738","2008","2","3","Mon","39","273","9"
"655","9/30/2008","1375.006","2008","2","3","Tue","40","274","9"
"656","10/1/2008","1872.364","2008","2","4","Wed","40","275","10"
"657","10/2/2008","1345.342","2008","2","4","Thu","40","276","10"
"658","10/3/2008","1612.58","2008","2","4","Fri","40","277","10"
"659","10/4/2008","2100.496","2008","2","4","Sat","40","278","10"
"660","10/5/2008","1549.95","2008","2","4","Sun","40","279","10"
"661","10/6/2008","1423.782","2008","2","4","Mon","40","280","10"
"662","10/7/2008","1726.568","2008","2","4","Tue","41","281","10"
"663","10/8/2008","1860.576","2008","2","4","Wed","41","282","10"
"664","10/9/2008","1983.682","2008","2","4","Thu","41","283","10"
"665","10/10/2008","1518.338","2008","2","4","Fri","41","284","10"
"666","10/11/2008","1669.386","2008","2","4","Sat","41","285","10"
"667","10/12/2008","1907.94","2008","2","4","Sun","41","286","10"
"668","10/13/2008","1461.976","2008","2","4","Mon","41","287","10"
"669","10/14/2008","1609.056","2008","2","4","Tue","42","288","10"
"670","10/15/2008","2156.896","2008","2","4","Wed","42","289","10"
"671","10/16/2008","1583.68","2008","2","4","Thu","42","290","10"
"672","10/17/2008","1866.886","2008","2","4","Fri","42","291","10"
"673","10/18/2008","2239.19","2008","2","4","Sat","42","292","10"
"674","10/19/2008","1971.934","2008","2","4","Sun","42","293","10"
"675","10/20/2008","1667.554","2008","2","4","Mon","42","294","10"
"676","10/21/2008","2063.716","2008","2","4","Tue","43","295","10"
"677","10/22/2008","1646.01","2008","2","4","Wed","43","296","10"
"678","10/23/2008","1830.494","2008","2","4","Thu","43","297","10"
"679","10/24/2008","2133.226","2008","2","4","Fri","43","298","10"
"680","10/25/2008","1523.156","2008","2","4","Sat","43","299","10"
"681","10/26/2008","523.492","2008","2","4","Sun","43","300","10"
"682","10/27/2008","523.892","2008","2","4","Mon","43","301","10"
"683","10/28/2008","1327.29","2008","2","4","Tue","44","302","10"
"684","10/29/2008","1612.576","2008","2","4","Wed","44","303","10"
"685","10/30/2008","1098.6","2008","2","4","Thu","44","304","10"
"686","10/31/2008","1285.832","2008","2","4","Fri","44","305","10"
"687","11/1/2008","830.498","2008","2","4","Sat","44","306","11"
"688","11/2/2008","910.614","2008","2","4","Sun","44","307","11"
"689","11/3/2008","847.6","2008","2","4","Mon","44","308","11"
"690","11/4/2008","1562.316","2008","2","4","Tue","45","309","11"
"691","11/5/2008","3134.93","2008","2","4","Wed","45","310","11"
"692","11/6/2008","1588.438","2008","2","4","Thu","45","311","11"
"693","11/7/2008","1619.184","2008","2","4","Fri","45","312","11"
"694","11/8/2008","1733.138","2008","2","4","Sat","45","313","11"
"695","11/9/2008","2578.538","2008","2","4","Sun","45","314","11"
"696","11/10/2008","2091.88","2008","2","4","Mon","45","315","11"
"697","11/11/2008","2455.95","2008","2","4","Tue","46","316","11"
"698","11/12/2008","2186.494","2008","2","4","Wed","46","317","11"
"699","11/13/2008","1238.46","2008","2","4","Thu","46","318","11"
"700","11/14/2008","1621.738","2008","2","4","Fri","46","319","11"
"701","11/15/2008","3031.628","2008","2","4","Sat","46","320","11"
"702","11/16/2008","2365.432","2008","2","4","Sun","46","321","11"
"703","11/17/2008","1523.636","2008","2","4","Mon","46","322","11"
"704","11/18/2008","1749.05","2008","2","4","Tue","47","323","11"
"705","11/19/2008","1840.238","2008","2","4","Wed","47","324","11"
"706","11/20/2008","1692.336","2008","2","4","Thu","47","325","11"
"707","11/21/2008","1673.93","2008","2","4","Fri","47","326","11"
"708","11/22/2008","1711.368","2008","2","4","Sat","47","327","11"
"709","11/23/2008","3405.324","2008","2","4","Sun","47","328","11"
"710","11/24/2008","3212.998","2008","2","4","Mon","47","329","11"
"711","11/25/2008","2702.85","2008","2","4","Tue","48","330","11"
"712","11/26/2008","1515.954","2008","2","4","Wed","48","331","11"
"713","11/27/2008","2362.218","2008","2","4","Thu","48","332","11"
"714","11/28/2008","1885.964","2008","2","4","Fri","48","333","11"
"715","11/29/2008","2434.668","2008","2","4","Sat","48","334","11"
"716","11/30/2008","2401.388","2008","2","4","Sun","48","335","11"
"717","12/1/2008","1616.538","2008","2","4","Mon","48","336","12"
"718","12/2/2008","1793.444","2008","2","4","Tue","49","337","12"
"719","12/3/2008","1755.164","2008","2","4","Wed","49","338","12"
"720","12/4/2008","1738.638","2008","2","4","Thu","49","339","12"
"721","12/5/2008","2058.618","2008","2","4","Fri","49","340","12"
"722","12/6/2008","2523.836","2008","2","4","Sat","49","341","12"
"723","12/7/2008","2466.74","2008","2","4","Sun","49","342","12"
"724","12/8/2008","1868.636","2008","2","4","Mon","49","343","12"
"725","12/9/2008","2003.144","2008","2","4","Tue","50","344","12"
"726","12/10/2008","2111.02","2008","2","4","Wed","50","345","12"
"727","12/11/2008","1432.522","2008","2","4","Thu","50","346","12"
"728","12/12/2008","1815.534","2008","2","4","Fri","50","347","12"
"729","12/13/2008","1825.574","2008","2","4","Sat","50","348","12"
"730","12/14/2008","2002.12","2008","2","4","Sun","50","349","12"
"731","12/15/2008","1795.45","2008","2","4","Mon","50","350","12"
"732","12/16/2008","1797.09","2008","2","4","Tue","51","351","12"
"733","12/17/2008","2098.786","2008","2","4","Wed","51","352","12"
"734","12/18/2008","1736.94","2008","2","4","Thu","51","353","12"
"735","12/19/2008","1882.112","2008","2","4","Fri","51","354","12"
"736","12/20/2008","2242.502","2008","2","4","Sat","51","355","12"
"737","12/21/2008","2643.61","2008","2","4","Sun","51","356","12"
"738","12/22/2008","2015.808","2008","2","4","Mon","51","357","12"
"739","12/23/2008","1798.088","2008","2","4","Tue","52","358","12"
"740","12/24/2008","1269.638","2008","2","4","Wed","52","359","12"
"741","12/25/2008","1061.118","2008","2","4","Thu","52","360","12"
"742","12/26/2008","1223.732","2008","2","4","Fri","52","361","12"
"743","12/27/2008","2972.164","2008","2","4","Sat","52","362","12"
"744","12/28/2008","1570.642","2008","2","4","Sun","52","363","12"
"745","12/29/2008","555.278","2008","2","4","Mon","52","364","12"
"746","12/30/2008","1195.238","2008","2","4","Tue","53","365","12"
"747","12/31/2008","1964.188","2008","2","4","Wed","53","366","12"
"748","1/1/2009","1406.692","2009","1","1","Thu","1","1","1"
"749","1/2/2009","2327.51","2009","1","1","Fri","1","2","1"
"750","1/3/2009","1913.496","2009","1","1","Sat","1","3","1"
"751","1/4/2009","1939.994","2009","1","1","Sun","1","4","1"
"752","1/5/2009","1604","2009","1","1","Mon","1","5","1"
"753","1/6/2009","1689.862","2009","1","1","Tue","1","6","1"
"754","1/7/2009","2080.272","2009","1","1","Wed","1","7","1"
"755","1/8/2009","1633.27","2009","1","1","Thu","2","8","1"
"756","1/9/2009","1788.702","2009","1","1","Fri","2","9","1"
"757","1/10/2009","2102.948","2009","1","1","Sat","2","10","1"
"758","1/11/2009","1975.988","2009","1","1","Sun","2","11","1"
"759","1/12/2009","1589.278","2009","1","1","Mon","2","12","1"
"760","1/13/2009","2182.6","2009","1","1","Tue","2","13","1"
"761","1/14/2009","1776.282","2009","1","1","Wed","2","14","1"
"762","1/15/2009","1564.068","2009","1","1","Thu","3","15","1"
"763","1/16/2009","2766.554","2009","1","1","Fri","3","16","1"
"764","1/17/2009","3317.82","2009","1","1","Sat","3","17","1"
"765","1/18/2009","3154.194","2009","1","1","Sun","3","18","1"
"766","1/19/2009","1699.866","2009","1","1","Mon","3","19","1"
"767","1/20/2009","1738.028","2009","1","1","Tue","3","20","1"
"768","1/21/2009","1739.434","2009","1","1","Wed","3","21","1"
"769","1/22/2009","1237.356","2009","1","1","Thu","4","22","1"
"770","1/23/2009","1910.536","2009","1","1","Fri","4","23","1"
"771","1/24/2009","2200.77","2009","1","1","Sat","4","24","1"
"772","1/25/2009","2843.664","2009","1","1","Sun","4","25","1"
"773","1/26/2009","1674.472","2009","1","1","Mon","4","26","1"
"774","1/27/2009","1425.03","2009","1","1","Tue","4","27","1"
"775","1/28/2009","2721.734","2009","1","1","Wed","4","28","1"
"776","1/29/2009","1573.698","2009","1","1","Thu","5","29","1"
"777","1/30/2009","2059.038","2009","1","1","Fri","5","30","1"
"778","1/31/2009","3312.852","2009","1","1","Sat","5","31","1"
"779","2/1/2009","1807.46","2009","1","1","Sun","5","32","2"
"780","2/2/2009","1603.3","2009","1","1","Mon","5","33","2"
"781","2/3/2009","1868.39","2009","1","1","Tue","5","34","2"
"782","2/4/2009","2460.924","2009","1","1","Wed","5","35","2"
"783","2/5/2009","1649.088","2009","1","1","Thu","6","36","2"
"784","2/6/2009","2048.396","2009","1","1","Fri","6","37","2"
"785","2/7/2009","3131.536","2009","1","1","Sat","6","38","2"
"786","2/8/2009","2182.866","2009","1","1","Sun","6","39","2"
"787","2/9/2009","1706.638","2009","1","1","Mon","6","40","2"
"788","2/10/2009","1943.822","2009","1","1","Tue","6","41","2"
"789","2/11/2009","2639.39","2009","1","1","Wed","6","42","2"
"790","2/12/2009","1968.66","2009","1","1","Thu","7","43","2"
"791","2/13/2009","1690.022","2009","1","1","Fri","7","44","2"
"792","2/14/2009","2332.594","2009","1","1","Sat","7","45","2"
"793","2/15/2009","1586.032","2009","1","1","Sun","7","46","2"
"794","2/16/2009","1318.994","2009","1","1","Mon","7","47","2"
"795","2/17/2009","781.698","2009","1","1","Tue","7","48","2"
"796","2/18/2009","826.45","2009","1","1","Wed","7","49","2"
"797","2/19/2009","737.268","2009","1","1","Thu","8","50","2"
"798","2/20/2009","1880.736","2009","1","1","Fri","8","51","2"
"799","2/21/2009","1316.184","2009","1","1","Sat","8","52","2"
"800","2/22/2009","2238.478","2009","1","1","Sun","8","53","2"
"801","2/23/2009","2733.656","2009","1","1","Mon","8","54","2"
"802","2/24/2009","1783.144","2009","1","1","Tue","8","55","2"
"803","2/25/2009","1169.844","2009","1","1","Wed","8","56","2"
"804","2/26/2009","1156.852","2009","1","1","Thu","9","57","2"
"805","2/27/2009","2028.918","2009","1","1","Fri","9","58","2"
"806","2/28/2009","1630.75","2009","1","1","Sat","9","59","2"
"807","3/1/2009","2467.626","2009","1","1","Sun","9","60","3"
"808","3/2/2009","1477.442","2009","1","1","Mon","9","61","3"
"809","3/3/2009","1848.952","2009","1","1","Tue","9","62","3"
"810","3/4/2009","1842.13","2009","1","1","Wed","9","63","3"
"811","3/5/2009","1441.812","2009","1","1","Thu","10","64","3"
"812","3/6/2009","1783.474","2009","1","1","Fri","10","65","3"
"813","3/7/2009","1696.466","2009","1","1","Sat","10","66","3"
"814","3/8/2009","2357.166","2009","1","1","Sun","10","67","3"
"815","3/9/2009","1685.556","2009","1","1","Mon","10","68","3"
"816","3/10/2009","1836.21","2009","1","1","Tue","10","69","3"
"817","3/11/2009","2405.904","2009","1","1","Wed","10","70","3"
"818","3/12/2009","1887.26","2009","1","1","Thu","11","71","3"
"819","3/13/2009","1445.52","2009","1","1","Fri","11","72","3"
"820","3/14/2009","2149.028","2009","1","1","Sat","11","73","3"
"821","3/15/2009","1942.062","2009","1","1","Sun","11","74","3"
"822","3/16/2009","1334.732","2009","1","1","Mon","11","75","3"
"823","3/17/2009","1931.91","2009","1","1","Tue","11","76","3"
"824","3/18/2009","1450.68","2009","1","1","Wed","11","77","3"
"825","3/19/2009","1191.532","2009","1","1","Thu","12","78","3"
"826","3/20/2009","1463.906","2009","1","1","Fri","12","79","3"
"827","3/21/2009","1930.022","2009","1","1","Sat","12","80","3"
"828","3/22/2009","1689.17","2009","1","1","Sun","12","81","3"
"829","3/23/2009","1296.45","2009","1","1","Mon","12","82","3"
"830","3/24/2009","1661.712","2009","1","1","Tue","12","83","3"
"831","3/25/2009","1838.774","2009","1","1","Wed","12","84","3"
"832","3/26/2009","1211.004","2009","1","1","Thu","13","85","3"
"833","3/27/2009","1713.926","2009","1","1","Fri","13","86","3"
"834","3/28/2009","2260.976","2009","1","1","Sat","13","87","3"
"835","3/29/2009","2216.65","2009","1","1","Sun","13","88","3"
"836","3/30/2009","1477.452","2009","1","1","Mon","13","89","3"
"837","3/31/2009","1823.482","2009","1","1","Tue","13","90","3"
"838","4/1/2009","1641.14","2009","1","2","Wed","13","91","4"
"839","4/2/2009","1644.334","2009","1","2","Thu","14","92","4"
"840","4/3/2009","1363.26","2009","1","2","Fri","14","93","4"
"841","4/4/2009","2191.232","2009","1","2","Sat","14","94","4"
"842","4/5/2009","1375.716","2009","1","2","Sun","14","95","4"
"843","4/6/2009","1452.634","2009","1","2","Mon","14","96","4"
"844","4/7/2009","1440.092","2009","1","2","Tue","14","97","4"
"845","4/8/2009","1534.6","2009","1","2","Wed","14","98","4"
"846","4/9/2009","1890.472","2009","1","2","Thu","15","99","4"
"847","4/10/2009","1842.114","2009","1","2","Fri","15","100","4"
"848","4/11/2009","2462.446","2009","1","2","Sat","15","101","4"
"849","4/12/2009","2141.012","2009","1","2","Sun","15","102","4"
"850","4/13/2009","1598.624","2009","1","2","Mon","15","103","4"
"851","4/14/2009","1501.538","2009","1","2","Tue","15","104","4"
"852","4/15/2009","1216.062","2009","1","2","Wed","15","105","4"
"853","4/16/2009","1564.524","2009","1","2","Thu","16","106","4"
"854","4/17/2009","2042.81","2009","1","2","Fri","16","107","4"
"855","4/18/2009","1512.266","2009","1","2","Sat","16","108","4"
"856","4/19/2009","1286.468","2009","1","2","Sun","16","109","4"
"857","4/20/2009","1486.51","2009","1","2","Mon","16","110","4"
"858","4/21/2009","1894.598","2009","1","2","Tue","16","111","4"
"859","4/22/2009","1496.198","2009","1","2","Wed","16","112","4"
"860","4/23/2009","1141.46","2009","1","2","Thu","17","113","4"
"861","4/24/2009","1194.048","2009","1","2","Fri","17","114","4"
"862","4/25/2009","2022.284","2009","1","2","Sat","17","115","4"
"863","4/26/2009","1781.626","2009","1","2","Sun","17","116","4"
"864","4/27/2009","1351.628","2009","1","2","Mon","17","117","4"
"865","4/28/2009","1706.386","2009","1","2","Tue","17","118","4"
"866","4/29/2009","1664.68","2009","1","2","Wed","17","119","4"
"867","4/30/2009","1834.762","2009","1","2","Thu","18","120","4"
"868","5/1/2009","1512.802","2009","1","2","Fri","18","121","5"
"869","5/2/2009","1393.91","2009","1","2","Sat","18","122","5"
"870","5/3/2009","1608.878","2009","1","2","Sun","18","123","5"
"871","5/4/2009","1667.882","2009","1","2","Mon","18","124","5"
"872","5/5/2009","1731.474","2009","1","2","Tue","18","125","5"
"873","5/6/2009","1349.902","2009","1","2","Wed","18","126","5"
"874","5/7/2009","1012.648","2009","1","2","Thu","19","127","5"
"875","5/8/2009","1857.156","2009","1","2","Fri","19","128","5"
"876","5/9/2009","1261.352","2009","1","2","Sat","19","129","5"
"877","5/10/2009","1966.552","2009","1","2","Sun","19","130","5"
"878","5/11/2009","1517.176","2009","1","2","Mon","19","131","5"
"879","5/12/2009","1625.956","2009","1","2","Tue","19","132","5"
"880","5/13/2009","1246.398","2009","1","2","Wed","19","133","5"
"881","5/14/2009","1606.984","2009","1","2","Thu","20","134","5"
"882","5/15/2009","1422.226","2009","1","2","Fri","20","135","5"
"883","5/16/2009","2007.378","2009","1","2","Sat","20","136","5"
"884","5/17/2009","1543.764","2009","1","2","Sun","20","137","5"
"885","5/18/2009","1209.906","2009","1","2","Mon","20","138","5"
"886","5/19/2009","1617.344","2009","1","2","Tue","20","139","5"
"887","5/20/2009","1307.162","2009","1","2","Wed","20","140","5"
"888","5/21/2009","1575.15","2009","1","2","Thu","21","141","5"
"889","5/22/2009","1074.806","2009","1","2","Fri","21","142","5"
"890","5/23/2009","1530.598","2009","1","2","Sat","21","143","5"
"891","5/24/2009","1287.786","2009","1","2","Sun","21","144","5"
"892","5/25/2009","1354.096","2009","1","2","Mon","21","145","5"
"893","5/26/2009","1337.674","2009","1","2","Tue","21","146","5"
"894","5/27/2009","1544.292","2009","1","2","Wed","21","147","5"
"895","5/28/2009","1179.736","2009","1","2","Thu","22","148","5"
"896","5/29/2009","1242.846","2009","1","2","Fri","22","149","5"
"897","5/30/2009","1659.106","2009","1","2","Sat","22","150","5"
"898","5/31/2009","956.89","2009","1","2","Sun","22","151","5"
"899","6/1/2009","1443.26","2009","1","2","Mon","22","152","6"
"900","6/2/2009","1090.638","2009","1","2","Tue","22","153","6"
"901","6/3/2009","1356.578","2009","1","2","Wed","22","154","6"
"902","6/4/2009","1035.66","2009","1","2","Thu","23","155","6"
"903","6/5/2009","1230.36","2009","1","2","Fri","23","156","6"
"904","6/6/2009","1475.45","2009","1","2","Sat","23","157","6"
"905","6/7/2009","1207.392","2009","1","2","Sun","23","158","6"
"906","6/8/2009","1178.776","2009","1","2","Mon","23","159","6"
"907","6/9/2009","1332.85","2009","1","2","Tue","23","160","6"
"908","6/10/2009","1602.996","2009","1","2","Wed","23","161","6"
"909","6/11/2009","1300.65","2009","1","2","Thu","24","162","6"
"910","6/12/2009","1101.732","2009","1","2","Fri","24","163","6"
"911","6/13/2009","14.218","2009","1","2","Sat","24","164","6"
"912","6/14/2009","0","2009","1","2","Sun","24","165","6"
"913","6/15/2009","771.908","2009","1","2","Mon","24","166","6"
"914","6/16/2009","1508.792","2009","1","2","Tue","24","167","6"
"915","6/17/2009","988.016","2009","1","2","Wed","24","168","6"
"916","6/18/2009","1165.7","2009","1","2","Thu","25","169","6"
"917","6/19/2009","1086.866","2009","1","2","Fri","25","170","6"
"918","6/20/2009","1107.1","2009","1","2","Sat","25","171","6"
"919","6/21/2009","855.142","2009","1","2","Sun","25","172","6"
"920","6/22/2009","1094.098","2009","1","2","Mon","25","173","6"
"921","6/23/2009","1039.214","2009","1","2","Tue","25","174","6"
"922","6/24/2009","1534.874","2009","1","2","Wed","25","175","6"
"923","6/25/2009","771.362","2009","1","2","Thu","26","176","6"
"924","6/26/2009","1277.322","2009","1","2","Fri","26","177","6"
"925","6/27/2009","1709.052","2009","1","2","Sat","26","178","6"
"926","6/28/2009","1059.394","2009","1","2","Sun","26","179","6"
"927","6/29/2009","1010.134","2009","1","2","Mon","26","180","6"
"928","6/30/2009","1192.446","2009","1","2","Tue","26","181","6"
"929","7/1/2009","1218.342","2009","2","3","Wed","26","182","7"
"930","7/2/2009","1242.578","2009","2","3","Thu","27","183","7"
"931","7/3/2009","864.148","2009","2","3","Fri","27","184","7"
"932","7/4/2009","1238.568","2009","2","3","Sat","27","185","7"
"933","7/5/2009","1410.736","2009","2","3","Sun","27","186","7"
"934","7/6/2009","954.26","2009","2","3","Mon","27","187","7"
"935","7/7/2009","1110.136","2009","2","3","Tue","27","188","7"
"936","7/8/2009","1234.4","2009","2","3","Wed","27","189","7"
"937","7/9/2009","846.252","2009","2","3","Thu","28","190","7"
"938","7/10/2009","1187.118","2009","2","3","Fri","28","191","7"
"939","7/11/2009","993.968","2009","2","3","Sat","28","192","7"
"940","7/12/2009","513.478","2009","2","3","Sun","28","193","7"
"941","7/13/2009","496.746","2009","2","3","Mon","28","194","7"
"942","7/14/2009","911.43","2009","2","3","Tue","28","195","7"
"943","7/15/2009","718.074","2009","2","3","Wed","28","196","7"
"944","7/16/2009","599.554","2009","2","3","Thu","29","197","7"
"945","7/17/2009","731.808","2009","2","3","Fri","29","198","7"
"946","7/18/2009","966.41","2009","2","3","Sat","29","199","7"
"947","7/19/2009","1203.644","2009","2","3","Sun","29","200","7"
"948","7/20/2009","662.486","2009","2","3","Mon","29","201","7"
"949","7/21/2009","813.762","2009","2","3","Tue","29","202","7"
"950","7/22/2009","739.532","2009","2","3","Wed","29","203","7"
"951","7/23/2009","1030","2009","2","3","Thu","30","204","7"
"952","7/24/2009","561.738","2009","2","3","Fri","30","205","7"
"953","7/25/2009","536.688","2009","2","3","Sat","30","206","7"
"954","7/26/2009","543.016","2009","2","3","Sun","30","207","7"
"955","7/27/2009","688.566","2009","2","3","Mon","30","208","7"
"956","7/28/2009","902.85","2009","2","3","Tue","30","209","7"
"957","7/29/2009","902","2009","2","3","Wed","30","210","7"
"958","7/30/2009","792.326","2009","2","3","Thu","31","211","7"
"959","7/31/2009","975.83","2009","2","3","Fri","31","212","7"
"960","8/1/2009","706.966","2009","2","3","Sat","31","213","8"
"961","8/2/2009","489.724","2009","2","3","Sun","31","214","8"
"962","8/3/2009","500.298","2009","2","3","Mon","31","215","8"
"963","8/4/2009","508.892","2009","2","3","Tue","31","216","8"
"964","8/5/2009","518.652","2009","2","3","Wed","31","217","8"
"965","8/6/2009","532.672","2009","2","3","Thu","32","218","8"
"966","8/7/2009","539.296","2009","2","3","Fri","32","219","8"
"967","8/8/2009","526.472","2009","2","3","Sat","32","220","8"
"968","8/9/2009","998.234","2009","2","3","Sun","32","221","8"
"969","8/10/2009","1069.358","2009","2","3","Mon","32","222","8"
"970","8/11/2009","950.954","2009","2","3","Tue","32","223","8"
"971","8/12/2009","824.436","2009","2","3","Wed","32","224","8"
"972","8/13/2009","606.842","2009","2","3","Thu","33","225","8"
"973","8/14/2009","748.676","2009","2","3","Fri","33","226","8"
"974","8/15/2009","1514.062","2009","2","3","Sat","33","227","8"
"975","8/16/2009","1217.712","2009","2","3","Sun","33","228","8"
"976","8/17/2009","785.908","2009","2","3","Mon","33","229","8"
"977","8/18/2009","1080.598","2009","2","3","Tue","33","230","8"
"978","8/19/2009","880.742","2009","2","3","Wed","33","231","8"
"979","8/20/2009","775.722","2009","2","3","Thu","34","232","8"
"980","8/21/2009","1161.746","2009","2","3","Fri","34","233","8"
"981","8/22/2009","1548.738","2009","2","3","Sat","34","234","8"
"982","8/23/2009","1066.708","2009","2","3","Sun","34","235","8"
"983","8/24/2009","1252.254","2009","2","3","Mon","34","236","8"
"984","8/25/2009","943.61","2009","2","3","Tue","34","237","8"
"985","8/26/2009","1136.546","2009","2","3","Wed","34","238","8"
"986","8/27/2009","749.466","2009","2","3","Thu","35","239","8"
"987","8/28/2009","1118.842","2009","2","3","Fri","35","240","8"
"988","8/29/2009","1388.414","2009","2","3","Sat","35","241","8"
"989","8/30/2009","1668.342","2009","2","3","Sun","35","242","8"
"990","8/31/2009","1265.522","2009","2","3","Mon","35","243","8"
"991","9/1/2009","980.536","2009","2","3","Tue","35","244","9"
"992","9/2/2009","1222.814","2009","2","3","Wed","35","245","9"
"993","9/3/2009","1251.188","2009","2","3","Thu","36","246","9"
"994","9/4/2009","1024.388","2009","2","3","Fri","36","247","9"
"995","9/5/2009","1513.866","2009","2","3","Sat","36","248","9"
"996","9/6/2009","1228.63","2009","2","3","Sun","36","249","9"
"997","9/7/2009","1221.458","2009","2","3","Mon","36","250","9"
"998","9/8/2009","1086.254","2009","2","3","Tue","36","251","9"
"999","9/9/2009","1521.344","2009","2","3","Wed","36","252","9"
"1000","9/10/2009","1112.354","2009","2","3","Thu","37","253","9"
"1001","9/11/2009","1214.146","2009","2","3","Fri","37","254","9"
"1002","9/12/2009","2064.358","2009","2","3","Sat","37","255","9"
"1003","9/13/2009","1570.302","2009","2","3","Sun","37","256","9"
"1004","9/14/2009","1574.858","2009","2","3","Mon","37","257","9"
"1005","9/15/2009","1456.806","2009","2","3","Tue","37","258","9"
"1006","9/16/2009","1743.162","2009","2","3","Wed","37","259","9"
"1007","9/17/2009","1223.426","2009","2","3","Thu","38","260","9"
"1008","9/18/2009","1374.032","2009","2","3","Fri","38","261","9"
"1009","9/19/2009","2135.71","2009","2","3","Sat","38","262","9"
"1010","9/20/2009","2035.328","2009","2","3","Sun","38","263","9"
"1011","9/21/2009","1417.868","2009","2","3","Mon","38","264","9"
"1012","9/22/2009","1246.536","2009","2","3","Tue","38","265","9"
"1013","9/23/2009","1636.61","2009","2","3","Wed","38","266","9"
"1014","9/24/2009","1426.258","2009","2","3","Thu","39","267","9"
"1015","9/25/2009","1161.016","2009","2","3","Fri","39","268","9"
"1016","9/26/2009","1556.254","2009","2","3","Sat","39","269","9"
"1017","9/27/2009","1410.472","2009","2","3","Sun","39","270","9"
"1018","9/28/2009","1299.456","2009","2","3","Mon","39","271","9"
"1019","9/29/2009","1146.398","2009","2","3","Tue","39","272","9"
"1020","9/30/2009","1772.736","2009","2","3","Wed","39","273","9"
"1021","10/1/2009","1287.252","2009","2","4","Thu","40","274","10"
"1022","10/2/2009","1152.668","2009","2","4","Fri","40","275","10"
"1023","10/3/2009","1716.74","2009","2","4","Sat","40","276","10"
"1024","10/4/2009","1621.106","2009","2","4","Sun","40","277","10"
"1025","10/5/2009","1275.522","2009","2","4","Mon","40","278","10"
"1026","10/6/2009","1428.448","2009","2","4","Tue","40","279","10"
"1027","10/7/2009","1821.834","2009","2","4","Wed","40","280","10"
"1028","10/8/2009","1577.166","2009","2","4","Thu","41","281","10"
"1029","10/9/2009","1351.862","2009","2","4","Fri","41","282","10"
"1030","10/10/2009","2012.756","2009","2","4","Sat","41","283","10"
"1031","10/11/2009","1938.284","2009","2","4","Sun","41","284","10"
"1032","10/12/2009","1351.604","2009","2","4","Mon","41","285","10"
"1033","10/13/2009","1449.1","2009","2","4","Tue","41","286","10"
"1034","10/14/2009","1711.224","2009","2","4","Wed","41","287","10"
"1035","10/15/2009","1489.976","2009","2","4","Thu","42","288","10"
"1036","10/16/2009","1516.86","2009","2","4","Fri","42","289","10"
"1037","10/17/2009","2742.08","2009","2","4","Sat","42","290","10"
"1038","10/18/2009","1556.164","2009","2","4","Sun","42","291","10"
"1039","10/19/2009","1369.108","2009","2","4","Mon","42","292","10"
"1040","10/20/2009","1722.808","2009","2","4","Tue","42","293","10"
"1041","10/21/2009","1969.506","2009","2","4","Wed","42","294","10"
"1042","10/22/2009","1399.71","2009","2","4","Thu","43","295","10"
"1043","10/23/2009","1757.45","2009","2","4","Fri","43","296","10"
"1044","10/24/2009","2614.408","2009","2","4","Sat","43","297","10"
"1045","10/25/2009","2406.536","2009","2","4","Sun","43","298","10"
"1046","10/26/2009","1112.344","2009","2","4","Mon","43","299","10"
"1047","10/27/2009","1116.756","2009","2","4","Tue","43","300","10"
"1048","10/28/2009","1268.708","2009","2","4","Wed","43","301","10"
"1049","10/29/2009","1981.44","2009","2","4","Thu","44","302","10"
"1050","10/30/2009","1493.358","2009","2","4","Fri","44","303","10"
"1051","10/31/2009","1875.942","2009","2","4","Sat","44","304","10"
"1052","11/1/2009","1843.168","2009","2","4","Sun","44","305","11"
"1053","11/2/2009","1504.226","2009","2","4","Mon","44","306","11"
"1054","11/3/2009","2266.688","2009","2","4","Tue","44","307","11"
"1055","11/4/2009","1801.8","2009","2","4","Wed","44","308","11"
"1056","11/5/2009","1560.466","2009","2","4","Thu","45","309","11"
"1057","11/6/2009","1390.45","2009","2","4","Fri","45","310","11"
"1058","11/7/2009","1557.176","2009","2","4","Sat","45","311","11"
"1059","11/8/2009","2508.002","2009","2","4","Sun","45","312","11"
"1060","11/9/2009","1404.752","2009","2","4","Mon","45","313","11"
"1061","11/10/2009","1606.184","2009","2","4","Tue","45","314","11"
"1062","11/11/2009","2040.48","2009","2","4","Wed","45","315","11"
"1063","11/12/2009","1463.066","2009","2","4","Thu","46","316","11"
"1064","11/13/2009","1532.926","2009","2","4","Fri","46","317","11"
"1065","11/14/2009","2560.456","2009","2","4","Sat","46","318","11"
"1066","11/15/2009","1967.308","2009","2","4","Sun","46","319","11"
"1067","11/16/2009","1514.468","2009","2","4","Mon","46","320","11"
"1068","11/17/2009","1708.294","2009","2","4","Tue","46","321","11"
"1069","11/18/2009","2639.174","2009","2","4","Wed","46","322","11"
"1070","11/19/2009","1474.848","2009","2","4","Thu","47","323","11"
"1071","11/20/2009","1961.016","2009","2","4","Fri","47","324","11"
"1072","11/21/2009","2496.856","2009","2","4","Sat","47","325","11"
"1073","11/22/2009","2450.976","2009","2","4","Sun","47","326","11"
"1074","11/23/2009","1471.122","2009","2","4","Mon","47","327","11"
"1075","11/24/2009","2128.856","2009","2","4","Tue","47","328","11"
"1076","11/25/2009","1980.13","2009","2","4","Wed","47","329","11"
"1077","11/26/2009","1599.626","2009","2","4","Thu","48","330","11"
"1078","11/27/2009","1380.026","2009","2","4","Fri","48","331","11"
"1079","11/28/2009","1858.95","2009","2","4","Sat","48","332","11"
"1080","11/29/2009","1650.962","2009","2","4","Sun","48","333","11"
"1081","11/30/2009","1745.19","2009","2","4","Mon","48","334","11"
"1082","12/1/2009","1756.378","2009","2","4","Tue","48","335","12"
"1083","12/2/2009","2345.668","2009","2","4","Wed","48","336","12"
"1084","12/3/2009","1479.688","2009","2","4","Thu","49","337","12"
"1085","12/4/2009","1711.294","2009","2","4","Fri","49","338","12"
"1086","12/5/2009","2351.762","2009","2","4","Sat","49","339","12"
"1087","12/6/2009","2378.288","2009","2","4","Sun","49","340","12"
"1088","12/7/2009","1742.638","2009","2","4","Mon","49","341","12"
"1089","12/8/2009","2006.884","2009","2","4","Tue","49","342","12"
"1090","12/9/2009","1802.356","2009","2","4","Wed","49","343","12"
"1091","12/10/2009","2054.286","2009","2","4","Thu","50","344","12"
"1092","12/11/2009","1784.462","2009","2","4","Fri","50","345","12"
"1093","12/12/2009","1816.38","2009","2","4","Sat","50","346","12"
"1094","12/13/2009","2138.814","2009","2","4","Sun","50","347","12"
"1095","12/14/2009","1794.862","2009","2","4","Mon","50","348","12"
"1096","12/15/2009","1940.116","2009","2","4","Tue","50","349","12"
"1097","12/16/2009","1394.874","2009","2","4","Wed","50","350","12"
"1098","12/17/2009","1717.182","2009","2","4","Thu","51","351","12"
"1099","12/18/2009","1744.706","2009","2","4","Fri","51","352","12"
"1100","12/19/2009","2204.334","2009","2","4","Sat","51","353","12"
"1101","12/20/2009","1144.166","2009","2","4","Sun","51","354","12"
"1102","12/21/2009","2034.966","2009","2","4","Mon","51","355","12"
"1103","12/22/2009","1888.022","2009","2","4","Tue","51","356","12"
"1104","12/23/2009","1455.2","2009","2","4","Wed","51","357","12"
"1105","12/24/2009","2905.894","2009","2","4","Thu","52","358","12"
"1106","12/25/2009","2127.648","2009","2","4","Fri","52","359","12"
"1107","12/26/2009","2183.618","2009","2","4","Sat","52","360","12"
"1108","12/27/2009","2195.452","2009","2","4","Sun","52","361","12"
"1109","12/28/2009","2094.098","2009","2","4","Mon","52","362","12"
"1110","12/29/2009","2047.968","2009","2","4","Tue","52","363","12"
"1111","12/30/2009","2451.11","2009","2","4","Wed","52","364","12"
"1112","12/31/2009","2211.892","2009","2","4","Thu","53","365","12"
"1113","1/1/2010","1224.252","2010","1","1","Fri","1","1","1"
"1114","1/2/2010","1308.836","2010","1","1","Sat","1","2","1"
"1115","1/3/2010","2083.454","2010","1","1","Sun","1","3","1"
"1116","1/4/2010","1604.132","2010","1","1","Mon","1","4","1"
"1117","1/5/2010","2219.78","2010","1","1","Tue","1","5","1"
"1118","1/6/2010","1777.18","2010","1","1","Wed","1","6","1"
"1119","1/7/2010","1769.442","2010","1","1","Thu","1","7","1"
"1120","1/8/2010","1797.208","2010","1","1","Fri","2","8","1"
"1121","1/9/2010","2336.9","2010","1","1","Sat","2","9","1"
"1122","1/10/2010","2508.466","2010","1","1","Sun","2","10","1"
"1123","1/11/2010","1518.684","2010","1","1","Mon","2","11","1"
"1124","1/12/2010","1282.538","2010","1","1","Tue","2","12","1"
"1125","1/13/2010","0","2010","1","1","Wed","2","13","1"
"1126","1/14/2010","618.488","2010","1","1","Thu","2","14","1"
"1127","1/15/2010","2196.76","2010","1","1","Fri","3","15","1"
"1128","1/16/2010","2150.112","2010","1","1","Sat","3","16","1"
"1129","1/17/2010","1906.556","2010","1","1","Sun","3","17","1"
"1130","1/18/2010","1881.098","2010","1","1","Mon","3","18","1"
"1131","1/19/2010","2433.508","2010","1","1","Tue","3","19","1"
"1132","1/20/2010","2351.728","2010","1","1","Wed","3","20","1"
"1133","1/21/2010","2137.856","2010","1","1","Thu","3","21","1"
"1134","1/22/2010","1790.626","2010","1","1","Fri","4","22","1"
"1135","1/23/2010","2608.51","2010","1","1","Sat","4","23","1"
"1136","1/24/2010","2269.42","2010","1","1","Sun","4","24","1"
"1137","1/25/2010","1930.51","2010","1","1","Mon","4","25","1"
"1138","1/26/2010","2067.564","2010","1","1","Tue","4","26","1"
"1139","1/27/2010","2760.902","2010","1","1","Wed","4","27","1"
"1140","1/28/2010","2110.234","2010","1","1","Thu","4","28","1"
"1141","1/29/2010","2092.99","2010","1","1","Fri","5","29","1"
"1142","1/30/2010","2842.728","2010","1","1","Sat","5","30","1"
"1143","1/31/2010","1799.196","2010","1","1","Sun","5","31","1"
"1144","2/1/2010","1693.778","2010","1","1","Mon","5","32","2"
"1145","2/2/2010","2157.432","2010","1","1","Tue","5","33","2"
"1146","2/3/2010","2903.014","2010","1","1","Wed","5","34","2"
"1147","2/4/2010","2316.27","2010","1","1","Thu","5","35","2"
"1148","2/5/2010","2098.892","2010","1","1","Fri","6","36","2"
"1149","2/6/2010","2712.986","2010","1","1","Sat","6","37","2"
"1150","2/7/2010","1625.708","2010","1","1","Sun","6","38","2"
"1151","2/8/2010","2582.238","2010","1","1","Mon","6","39","2"
"1152","2/9/2010","2420.932","2010","1","1","Tue","6","40","2"
"1153","2/10/2010","1944.542","2010","1","1","Wed","6","41","2"
"1154","2/11/2010","1369.768","2010","1","1","Thu","6","42","2"
"1155","2/12/2010","1892.998","2010","1","1","Fri","7","43","2"
"1156","2/13/2010","2351.556","2010","1","1","Sat","7","44","2"
"1157","2/14/2010","1686.698","2010","1","1","Sun","7","45","2"
"1158","2/15/2010","2097.132","2010","1","1","Mon","7","46","2"
"1159","2/16/2010","1797.756","2010","1","1","Tue","7","47","2"
"1160","2/17/2010","2054.56","2010","1","1","Wed","7","48","2"
"1161","2/18/2010","1761.156","2010","1","1","Thu","7","49","2"
"1162","2/19/2010","1953.572","2010","1","1","Fri","8","50","2"
"1163","2/20/2010","1983.728","2010","1","1","Sat","8","51","2"
"1164","2/21/2010","2740.314","2010","1","1","Sun","8","52","2"
"1165","2/22/2010","1474.036","2010","1","1","Mon","8","53","2"
"1166","2/23/2010","1461.28","2010","1","1","Tue","8","54","2"
"1167","2/24/2010","1914.278","2010","1","1","Wed","8","55","2"
"1168","2/25/2010","1880.204","2010","1","1","Thu","8","56","2"
"1169","2/26/2010","2120.156","2010","1","1","Fri","9","57","2"
"1170","2/27/2010","1765.056","2010","1","1","Sat","9","58","2"
"1171","2/28/2010","711.666","2010","1","1","Sun","9","59","2"
"1172","3/1/2010","1298.728","2010","1","1","Mon","9","60","3"
"1173","3/2/2010","766.906","2010","1","1","Tue","9","61","3"
"1174","3/3/2010","935.834","2010","1","1","Wed","9","62","3"
"1175","3/4/2010","682.88","2010","1","1","Thu","9","63","3"
"1176","3/5/2010","1133.726","2010","1","1","Fri","10","64","3"
"1177","3/6/2010","794.712","2010","1","1","Sat","10","65","3"
"1178","3/7/2010","1372.472","2010","1","1","Sun","10","66","3"
"1179","3/8/2010","2557.098","2010","1","1","Mon","10","67","3"
"1180","3/9/2010","1760.112","2010","1","1","Tue","10","68","3"
"1181","3/10/2010","1822.632","2010","1","1","Wed","10","69","3"
"1182","3/11/2010","1951.09","2010","1","1","Thu","10","70","3"
"1183","3/12/2010","1645.424","2010","1","1","Fri","11","71","3"
"1184","3/13/2010","2383.01","2010","1","1","Sat","11","72","3"
"1185","3/14/2010","1566.714","2010","1","1","Sun","11","73","3"
"1186","3/15/2010","1791.85","2010","1","1","Mon","11","74","3"
"1187","3/16/2010","1542.65","2010","1","1","Tue","11","75","3"
"1188","3/17/2010","2009.13","2010","1","1","Wed","11","76","3"
"1189","3/18/2010","1562.682","2010","1","1","Thu","11","77","3"
"1190","3/19/2010","1663.384","2010","1","1","Fri","12","78","3"
"1191","3/20/2010","131.732","2010","1","1","Sat","12","79","3"
"1192","3/21/2010","917.282","2010","1","1","Sun","12","80","3"
"1193","3/22/2010","1618.59","2010","1","1","Mon","12","81","3"
"1194","3/23/2010","1822.162","2010","1","1","Tue","12","82","3"
"1195","3/24/2010","1994.752","2010","1","1","Wed","12","83","3"
"1196","3/25/2010","1679.884","2010","1","1","Thu","12","84","3"
"1197","3/26/2010","1651.284","2010","1","1","Fri","13","85","3"
"1198","3/27/2010","1847.97","2010","1","1","Sat","13","86","3"
"1199","3/28/2010","1798.214","2010","1","1","Sun","13","87","3"
"1200","3/29/2010","1622.738","2010","1","1","Mon","13","88","3"
"1201","3/30/2010","1906.454","2010","1","1","Tue","13","89","3"
"1202","3/31/2010","1923.802","2010","1","1","Wed","13","90","3"